COLLECTION_SYSTEM,collection_sys_description,MasterStationID,MasterStationName,CollectionStationName,COMMENTS,SiteType,ANALOG_CHANNEL,STATION_ID,SYSTEM_NAME,DatasetType,MEASURING_DEVICE,DEVICE_TYPE,STATUS,LAT,LON,DataEntryMethod,Telemetry,StationPage,UNITS_ID,RECORD_TYPE,UNITS_DESC_BASE,UNITS_DESC_ENTRY,UNITS_MULTIPLIER,UNITS_DESC_REALTIME,NoOfYears,StartYr,EndYr
USBR,Fremont River Datalogger Collection,73,SCOFIELD RESERVOIR RELEASES,SCOFIELD|total release,from ftp.usbr.gov/UC_Outgoing_Cron/ nwsdata.dat `SCOFIELD`|`release` at 8:30AM,Reservoir Release,1,73,PRICE RIVER,Observational,TELEMETRY SYSTEM,DIGITAL,A,39.7864496895527,-111.119139695406,Scrape,Yes,https://waterrights.utah.gov/cgi-bin/dvrtview.exe?Modinfo=StationView&STATION_ID=73,1,DAILY_RECORDS,Mean daily discharge in CFS,Mean daily discharge in CFS,1,CFS,61,1958,2025
CU_SCADA,NULL,122,DEER CREEK RESERVOIR (DAILY CONTENTS),DC_CALC_RES_CONTENT,Deer Creek Reservoir Content - Acre-Feet,Reservoir,1,122,PROVO RIVER,Observational,Balance Beam Manometer,DIGITAL,A,40.4073211451058,-111.526616897588,Scrape,Yes,https://waterrights.utah.gov/cgi-bin/dvrtview.exe?Modinfo=StationView&STATION_ID=122,4,DAILY_RECORDS,Daily Reservoir Storage in ACFT,Daily Reservoir Storage in ACFT,1,ACFT,76,1949,2025
CU_SCADA,NULL,481,380 STARVATION RESERVOIR STORAGE CONTENTS,SD_CALC_RES_CONTENT,Starvation Reservoir Content - Acre-Feet,Reservoir,2,481,DUCHESNE RIVER,Observational,Gage,DIGITAL,A,40.193135959126,-110.444708627404,Scrape,Yes,https://waterrights.utah.gov/cgi-bin/dvrtview.exe?Modinfo=StationView&STATION_ID=481,4,DAILY_RECORDS,Daily Reservoir Storage in ACFT,Daily Reservoir Storage in ACFT,1,ACFT,33,1992,2025
USBR,NULL,500,USBR WANSHIP RESERVOIR,ROCKPORT RES|storage,from ftp.usbr.gov/UC_Outgoing_Cron/ nwsdata.dat `ROCKPORT RESERVOIR`|`storage` at 8:30AM,Reservoir,1,500,WEBER RIVER,Observational,USBR Gage,NULL,A,40.7877814870357,-111.403936688382,Scrape,Yes,https://waterrights.utah.gov/cgi-bin/dvrtview.exe?Modinfo=StationView&STATION_ID=500,4,DAILY_RECORDS,Daily Reservoir Storage in ACFT,Daily Reservoir Storage in ACFT,1,ACFT,69,1957,2025
USBR,NULL,535,USBR ECHO RESERVOIR,ECHO|storage,from ftp.usbr.gov/UC_Outgoing_Cron/ nwsdata.dat `ECHO`|`storage` at 8:30AM,Reservoir,1,535,WEBER RIVER,Observational,USBR Gage,NULL,A,40.9646643702457,-111.430067603376,Scrape,Yes,https://waterrights.utah.gov/cgi-bin/dvrtview.exe?Modinfo=StationView&STATION_ID=535,4,DAILY_RECORDS,Daily Reservoir Storage in ACFT,Daily Reservoir Storage in ACFT,1,ACFT,87,1939,2025
USBR,NULL,536,USBR LOST CREEK RESERVOIR,LOST CREEK|storage,from ftp.usbr.gov/UC_Outgoing_Cron/ nwsdata.dat `LOST CREEK`|`storage` at 8:30AM,Reservoir,1,536,WEBER RIVER,Observational,USBR Gage,NULL,A,41.1845067219534,-111.400537693521,Scrape,Yes,https://waterrights.utah.gov/cgi-bin/dvrtview.exe?Modinfo=StationView&STATION_ID=536,4,DAILY_RECORDS,Daily Reservoir Storage in ACFT,Daily Reservoir Storage in ACFT,1,ACFT,59,1967,2025
USBR,NULL,538,USBR EAST CANYON RESERVOIR,EAST CANYON|storage,from ftp.usbr.gov/UC_Outgoing_Cron/ nwsdata.dat `EAST CANYON`|`storage` at 8:30AM,Reservoir,1,538,WEBER RIVER,Observational,USBR Gage,NULL,A,40.9209599358913,-111.600642673936,Scrape,Yes,https://waterrights.utah.gov/cgi-bin/dvrtview.exe?Modinfo=StationView&STATION_ID=538,4,DAILY_RECORDS,Daily Reservoir Storage in ACFT,Daily Reservoir Storage in ACFT,1,ACFT,79,1947,2025
NULL,NULL,553,RESERVOIR - SMITH AND MOREHOUSE,NULL,NULL,Reservoir,NULL,553,WEBER RIVER,Observational,Gage & CAPACITY TABLE,NULL,A,40.7597808710807,-111.104125579857,Scrape,Yes,https://waterrights.utah.gov/cgi-bin/dvrtview.exe?Modinfo=StationView&STATION_ID=553,4,DAILY_RECORDS,Daily Reservoir Storage in ACFT,Daily Reservoir Storage in ACFT,1,ACFT,36,1988,2023
SEVIER,NULL,725,OTTER CREEK RESERVOIR OUTLET,3951,Otter Creek Reservoir Outflow,Reservoir Release,1,725,SEVIER RIVER,Observational,15 foot Parshall Flume,NULL,A,38.1667935684765,-112.026648335826,Scrape,Yes,https://waterrights.utah.gov/cgi-bin/dvrtview.exe?Modinfo=StationView&STATION_ID=725,1,DAILY_RECORDS,Mean daily discharge in CFS,Mean daily discharge in CFS,1,CFS,98,1915,2025
NULL,NULL,747,FOOL CREEK RESERVOIR OUTLET,NULL,NULL,Reservoir Release,NULL,747,SEVIER RIVER,Observational,,NULL,A,39.458693519848,-112.347818449432,Manual,No,https://waterrights.utah.gov/cgi-bin/dvrtview.exe?Modinfo=StationView&STATION_ID=747,1,DAILY_RECORDS,Mean daily discharge in CFS,Mean daily discharge in CFS,1,CFS,84,1930,2024
CU_SCADA,NULL,778,610 CURRANT CREEK RESERVOIR OUTFLOW - CREEK,CCJFFLOW_HIST,Currant Creek Res Release to Creek,Reservoir Release,3,778,DUCHESNE RIVER,Observational,gage,DIGITAL,A,40.3309506066491,-111.052540971863,Scrape,Yes,https://waterrights.utah.gov/cgi-bin/dvrtview.exe?Modinfo=StationView&STATION_ID=778,1,DAILY_RECORDS,Mean daily discharge in CFS,Mean daily discharge in CFS,1,CFS,34,1992,2025
SEVIER,NULL,1928,ROCKY FORD RESERVOIR NEAR SIGURD,9101,Rocky Ford Reservoir Content,Reservoir,1,1928,SEVIER RIVER,Observational,,DIGITAL,A,38.8682883854622,-111.955973552519,Scrape,Yes,https://waterrights.utah.gov/cgi-bin/dvrtview.exe?Modinfo=StationView&STATION_ID=1928,4,DAILY_RECORDS,Daily Reservoir Storage in ACFT,Daily Reservoir Storage in ACFT,1,ACFT,31,1969,2025
SEVIER,NULL,1930,OTTER CREEK RESERVOIR,3453,Otter Creek Reservoir Content,Reservoir,1,1930,SEVIER RIVER,Observational,,DIGITAL,A,38.1732792168992,-112.007383143625,Scrape,Yes,https://waterrights.utah.gov/cgi-bin/dvrtview.exe?Modinfo=StationView&STATION_ID=1930,4,DAILY_RECORDS,Daily Reservoir Storage in ACFT,Daily Reservoir Storage in ACFT,1,ACFT,96,1929,2025
SEVIER,NULL,1931,PIUTE RESERVOIR,2482,Piute Reservoir Contents,Reservoir,1,1931,SEVIER RIVER,Observational,,DIGITAL,A,38.3191462162191,-112.193666694633,Scrape,Yes,https://waterrights.utah.gov/cgi-bin/dvrtview.exe?Modinfo=StationView&STATION_ID=1931,4,DAILY_RECORDS,Daily Reservoir Storage in ACFT,Daily Reservoir Storage in ACFT,1,ACFT,89,1937,2025
SEVIER,NULL,1932,SEVIER BRIDGE RESERVOIR,3443,Sevier Bridge Reservoir Contents,Reservoir,1,1932,SEVIER RIVER,Observational,,DIGITAL,A,39.3721978111322,-112.02859628346,Scrape,Yes,https://waterrights.utah.gov/cgi-bin/dvrtview.exe?Modinfo=StationView&STATION_ID=1932,4,DAILY_RECORDS,Daily Reservoir Storage in ACFT,Daily Reservoir Storage in ACFT,1,ACFT,101,1915,2025
SEVIER,NULL,2172,THREE CREEK RESERVOIR OUTLET,13197,Three Creeks Reservoir Outlet,Reservoir Release,1,2172,SEVIER RIVER,Observational,,DIGITAL,A,38.6231123310172,-112.429549740578,Scrape,Yes,https://waterrights.utah.gov/cgi-bin/dvrtview.exe?Modinfo=StationView&STATION_ID=2172,1,DAILY_RECORDS,Mean daily discharge in CFS,Mean daily discharge in CFS,1,CFS,48,1939,2025
USBR,NULL,2559,USBR CAUSEY RESERVOIR CONTENT,CAUSEY|storage,from ftp.usbr.gov/UC_Outgoing_Cron/ nwsdata.dat `CAUSEY`|`storage` at 8:30AM,Reservoir,1,2559,OGDEN RIVER,Observational,RATED CONTROL GATES,NULL,A,41.2994063282791,-111.58606629766,Scrape,Yes,https://waterrights.utah.gov/cgi-bin/dvrtview.exe?Modinfo=StationView&STATION_ID=2559,4,DAILY_RECORDS,Daily Reservoir Storage in ACFT,Daily Reservoir Storage in ACFT,1,ACFT,43,1965,2025
CU_SCADA,NULL,2725,STRAWBERRY RESERVOIR CONTENT,SC_CALC_RES_CONTENT,STRAWBERRY RESERVOIR CONTENT (TOTAL INCLUDING DEAD STORAGE),Reservoir,1,2725,SPANISH FORK RIVER,Observational,Gage,DIGITAL,A,40.1398036921725,-111.027416657716,Scrape,Yes,https://waterrights.utah.gov/cgi-bin/dvrtview.exe?Modinfo=StationView&STATION_ID=2725,4,DAILY_RECORDS,Daily Reservoir Storage in ACFT,Daily Reservoir Storage in ACFT,1,ACFT,66,1949,2025
NULL,NULL,2730,BOX CREEK RESERVOIR OUTLET,NULL,NULL,Reservoir Release,NULL,2730,SEVIER RIVER,Observational,,NULL,I,38.4786926971519,-111.982181232396,,No,https://waterrights.utah.gov/cgi-bin/dvrtview.exe?Modinfo=StationView&STATION_ID=2730,1,DAILY_RECORDS,Mean daily discharge in CFS,Mean daily discharge in CFS,1,CFS,32,1983,2014
NULL,NULL,2740,OTTER CREEK BELOW KOOSHAREM RESERVOIR,NULL,NULL,Reservoir Release,NULL,2740,SEVIER RIVER,Observational,,NULL,I,38.5884137546168,-111.847913457528,,,https://waterrights.utah.gov/cgi-bin/dvrtview.exe?Modinfo=StationView&STATION_ID=2740,1,DAILY_RECORDS,Mean daily discharge in CFS,Mean daily discharge in CFS,1,CFS,10,1983,1992
SEVIER,NULL,2753,OTTER CREEK RESERVOIR INLET FROM FEEDER CANAL,10254,Otter Creek Reservoir Inflow,Conveyance,1,2753,SEVIER RIVER,Observational,,NULL,A,38.1602733850181,-112.00413192972,Scrape,Yes,https://waterrights.utah.gov/cgi-bin/dvrtview.exe?Modinfo=StationView&STATION_ID=2753,1,DAILY_RECORDS,Mean daily discharge in CFS,Mean daily discharge in CFS,1,CFS,47,1915,2025
LITTLEBEAR,NULL,2778,PORCUPINE RESERVOIR OUTLET,IKD,Porcupine Outlet; Radio - 212 Porcupine,Reservoir Release,1,2778,LITTLE BEAR RIVER,Observational,Spirax UTM20 flowmeter,FLOWMETER,A,41.5181668842735,-111.747907951384,Direct,Yes,https://waterrights.utah.gov/cgi-bin/dvrtview.exe?Modinfo=StationView&STATION_ID=2778,1,DAILY_RECORDS,Mean daily discharge in CFS,Mean daily discharge in CFS,1,CFS,27,1990,2025
NULL,NULL,2784,RESERVOIR OUTLET BACK TO LITTLE BEAR RIVER,NULL,NULL,Conveyance,NULL,2784,LITTLE BEAR RIVER,Observational,,NULL,I,41.6271212112146,-111.877551405185,Manual,No,https://waterrights.utah.gov/cgi-bin/dvrtview.exe?Modinfo=StationView&STATION_ID=2784,1,DAILY_RECORDS,Mean daily discharge in CFS,Mean daily discharge in CFS,1,CFS,50,1961,2020
USBR,NULL,2787,HYRUM RESERVOIR CONTENTS,HYRUM|storage,from ftp.usbr.gov/UC_Outgoing_Cron/ nwsdata.dat `HYRUM`|`storage` at 8:30AM,Reservoir,1,2787,LITTLE BEAR RIVER,Observational,many,NULL,A,41.6232286284798,-111.86850703255,Scrape,Yes,https://waterrights.utah.gov/cgi-bin/dvrtview.exe?Modinfo=StationView&STATION_ID=2787,4,DAILY_RECORDS,Daily Reservoir Storage in ACFT,Daily Reservoir Storage in ACFT,1,ACFT,27,1990,2025
USBR,NULL,2907,USBR PINEVIEW RESERVOIR,PINEVIEW|storage,from ftp.usbr.gov/UC_Outgoing_Cron/ nwsdata.dat `PINEVIEW`|`storage` at 8:30AM,Reservoir,1,2907,OGDEN RIVER,Observational,ELEVATION-CAPACITY TABLE,NULL,A,41.2547384707084,-111.84263376052,Scrape,Yes,https://waterrights.utah.gov/cgi-bin/dvrtview.exe?Modinfo=StationView&STATION_ID=2907,4,DAILY_RECORDS,Daily Reservoir Storage in ACFT,Daily Reservoir Storage in ACFT,1,ACFT,46,1954,2025
EMERY,NULL,3028,JOES VALLEY RESERVOIR (CONTENTS),6492,Content Joe`s Valley Reservoir,Reservoir,1,3028,COTTONWOOD CREEK,Observational,,DIGITAL,A,39.2884581520459,-111.270310007697,Scrape,Yes,https://waterrights.utah.gov/cgi-bin/dvrtview.exe?Modinfo=StationView&STATION_ID=3028,4,DAILY_RECORDS,Daily Reservoir Storage in ACFT,Daily Reservoir Storage in ACFT,1,ACFT,26,1980,2025
SEVIER,NULL,3242,GUNNISON BEND RESERVOIR CONTENTS,2040,Gunnison Bend Reservoir Contents,Reservoir,1,3242,SEVIER RIVER,Observational,,DIGITAL,A,39.3506821865453,-112.613350071932,Scrape,Yes,https://waterrights.utah.gov/cgi-bin/dvrtview.exe?Modinfo=StationView&STATION_ID=3242,4,DAILY_RECORDS,Daily Reservoir Storage in ACFT,Daily Reservoir Storage in ACFT,1,ACFT,39,1930,2025
CU_SCADA,NULL,3344,270 UPPER STILLWATER RESERVOIR CONTENTS,SW_CALC_RES_CONTENT,Upper Stillwater Reservoir Content - Acre-Feet,Reservoir,2,3344,DUCHESNE RIVER,Observational,GAGE - Level Sensor,DIGITAL,A,40.5599436034303,-110.699445054448,Scrape,Yes,https://waterrights.utah.gov/cgi-bin/dvrtview.exe?Modinfo=StationView&STATION_ID=3344,4,DAILY_RECORDS,Daily Reservoir Storage in ACFT,Daily Reservoir Storage in ACFT,1,ACFT,34,1992,2025
CU_SCADA,NULL,3356,555 STRAWBERRY RESERVOIR STORAGE CONTENTS,SC_CALC_RES_CONTENT,STRAWBERRY RESERVOIR CONTENT (TOTAL INCLUDING DEAD STORAGE),Reservoir,2,3356,DUCHESNE RIVER,Observational,,DIGITAL,A,40.1398036921725,-111.027416657716,Scrape,Yes,https://waterrights.utah.gov/cgi-bin/dvrtview.exe?Modinfo=StationView&STATION_ID=3356,4,DAILY_RECORDS,Daily Reservoir Storage in ACFT,Daily Reservoir Storage in ACFT,1,ACFT,34,1992,2025
NULL,NULL,3721,GUNLOCK RESERVOIR INLET,NULL,NULL,Stream,NULL,3721,SANTA CLARA RIVER,Observational,,NULL,A,37.2751817998004,-113.77021842348,Manual,No,https://waterrights.utah.gov/cgi-bin/dvrtview.exe?Modinfo=StationView&STATION_ID=3721,1,DAILY_RECORDS,Mean daily discharge in CFS,Mean daily discharge in CFS,1,CFS,28,1991,2023
NULL,NULL,3722,GUNLOCK RESERVOIR OUTLET,NULL,NULL,Reservoir Release,NULL,3722,SANTA CLARA RIVER,Observational,,NULL,A,37.2508834486538,-113.775823719019,Manual,Yes,https://waterrights.utah.gov/cgi-bin/dvrtview.exe?Modinfo=StationView&STATION_ID=3722,1,DAILY_RECORDS,Mean daily discharge in CFS,Mean daily discharge in CFS,1,CFS,31,1971,2023
SEVIER,NULL,3846,SEVIER RIVER BELOW PIUTE RESERVOIR,4007,Sevier River below Piute Dam,Stream,1,3846,SEVIER RIVER,Observational,,DIGITAL,A,38.3275051717045,-112.187875143358,Scrape,Yes,https://waterrights.utah.gov/cgi-bin/dvrtview.exe?Modinfo=StationView&STATION_ID=3846,1,DAILY_RECORDS,Mean daily discharge in CFS,Mean daily discharge in CFS,1,CFS,45,1980,2025
NULL,NULL,3893,680 RED CREEK RESERVOIR OUTFLOW,NULL,NULL,Reservoir Release,NULL,3893,DUCHESNE RIVER,Observational,,NULL,I,NULL,NULL,Manual,No,https://waterrights.utah.gov/cgi-bin/dvrtview.exe?Modinfo=StationView&STATION_ID=3893,1,DAILY_RECORDS,Mean daily discharge in CFS,Mean daily discharge in CFS,1,CFS,6,2002,2007
NULL,NULL,3912,JORDANELLE RESERVOIR USE (EVAPORATION),NULL,NULL,Reservoir,NULL,3912,PROVO RIVER,Observational,,NULL,I,40.5966191134433,-111.424077408255,,,https://waterrights.utah.gov/cgi-bin/dvrtview.exe?Modinfo=StationView&STATION_ID=3912,2,DAILY_RECORDS,MEAN daily discharge in CFS,Mean daily discharge in ACFT,1.98347107,CFS,13,1993,2005
NULL,NULL,4447,GUNLOCK RESERVOIR ACRE FEET,NULL,NULL,Reservoir,NULL,4447,SANTA CLARA RIVER,Observational,,NULL,A,37.2509546839746,-113.775791378065,Manual,No,https://waterrights.utah.gov/cgi-bin/dvrtview.exe?Modinfo=StationView&STATION_ID=4447,4,DAILY_RECORDS,Daily Reservoir Storage in ACFT,Daily Reservoir Storage in ACFT,1,ACFT,25,1991,2023
NULL,NULL,4540,WOODRUFF NARROWS RESERVOIR,NULL,NULL,Reservoir,NULL,4540,UPPER BEAR,Observational,,NULL,I,41.5038721808042,-111.017116914471,Scrape,Yes,https://waterrights.utah.gov/cgi-bin/dvrtview.exe?Modinfo=StationView&STATION_ID=4540,4,DAILY_RECORDS,Daily Reservoir Storage in ACFT,Daily Reservoir Storage in ACFT,1,ACFT,4,2000,2003
EMERY,NULL,9189,CLEVELAND RESERVOIR CONTENTS,9197,Cleveland Reservoir Contents,Reservoir,1,9189,HUNTINGTON CREEK,Observational,,DIGITAL,A,39.577353912073,-111.238825987715,Scrape,Yes,https://waterrights.utah.gov/cgi-bin/dvrtview.exe?Modinfo=StationView&STATION_ID=9189,4,DAILY_RECORDS,Daily Reservoir Storage in ACFT,Daily Reservoir Storage in ACFT,1,ACFT,21,2004,2025
EMERY,NULL,9225,JOES VALLEY RESERVOIR (RELEASES),5551,Joe`s Valley Releases,Reservoir Release,1,9225,COTTONWOOD CREEK,Observational,Meter,DIGITAL,A,39.2881166713239,-111.268051056373,Scrape,Yes,https://waterrights.utah.gov/cgi-bin/dvrtview.exe?Modinfo=StationView&STATION_ID=9225,1,DAILY_RECORDS,Mean daily discharge in CFS,Mean daily discharge in CFS,1,CFS,10,1980,2025
EMERY,NULL,9241,EMERY WCD- HUNTINGTON NORTH RESERVOIR RELEASES,6457,Emery WCD - Huntington North Reservoir Releases,Reservoir Release,1,9241,HUNTINGTON CREEK,Observational,Meter,DIGITAL,A,39.3424321545977,-110.941592607256,Scrape,Yes,https://waterrights.utah.gov/cgi-bin/dvrtview.exe?Modinfo=StationView&STATION_ID=9241,1,DAILY_RECORDS,Mean daily discharge in CFS,Mean daily discharge in CFS,1,CFS,20,2001,2025
NULL,NULL,9297,KENTS LAKE RESERVOIRS OUTFLOW FOR EA. DAY MEASURED,NULL,NULL,Reservoir Release,NULL,9297,BEAVER RIVER,Observational,PARSHALL FLUME,NULL,A,38.2401382724559,-112.469741862314,Manual,No,https://waterrights.utah.gov/cgi-bin/dvrtview.exe?Modinfo=StationView&STATION_ID=9297,1,DAILY_RECORDS,Mean daily discharge in CFS,Mean daily discharge in CFS,1,CFS,7,2005,2023
DUCHESNE,NULL,9309,422 MIDVIEW RESERVOIR INFLOW,8714,Midview Resvr Inflow,Conveyance,4,9309,DUCHESNE RIVER,Observational,,FLOWMETER,A,40.1809138660132,-110.216373524348,Scrape,Yes,https://waterrights.utah.gov/cgi-bin/dvrtview.exe?Modinfo=StationView&STATION_ID=9309,1,DAILY_RECORDS,Mean daily discharge in CFS,Mean daily discharge in CFS,1,CFS,11,2004,2025
DUCHESNE,NULL,9311,421 MIDVIEW RESERVOIR,10362,Big Sand Wash Reservoir Elevation,Reservoir,5,9311,DUCHESNE RIVER,Observational,,STAGE,A,40.1788807990879,-110.16648941384,Scrape,Yes,https://waterrights.utah.gov/cgi-bin/dvrtview.exe?Modinfo=StationView&STATION_ID=9311,4,DAILY_RECORDS,Daily Reservoir Storage in ACFT,Daily Reservoir Storage in ACFT,1,ACFT,15,2003,2025
DUCHESNE,NULL,9404,670 RED CREEK RESERVOIR,8790,RED CREEK RESERVOIR,Reservoir,3,9404,DUCHESNE RIVER,Observational,staff gage (pressure transducer),DIGITAL,I,40.3038734136403,-110.851837575715,Manual,No,https://waterrights.utah.gov/cgi-bin/dvrtview.exe?Modinfo=StationView&STATION_ID=9404,4,DAILY_RECORDS,Daily Reservoir Storage in ACFT,Daily Reservoir Storage in ACFT,1,ACFT,9,2002,2011
BEAR_UPL,NULL,9410,00  NEWCUTLER,Cutler Reservoir Con,Cutler Reservoir Contents,Reservoir,1,9410,LOWER BEAR RIVER,Observational,,NULL,A,41.8367722163395,-112.047003770582,Scrape,Yes,https://waterrights.utah.gov/cgi-bin/dvrtview.exe?Modinfo=StationView&STATION_ID=9410,4,DAILY_RECORDS,Daily Reservoir Storage in ACFT,Daily Reservoir Storage in ACFT,1,ACFT,24,2004,2025
CU_SCADA,NULL,9520,JSSD ONTARIO TUNNEL BYPASS TO JORDANELLE RESERVOIR,HEBER.JDONTTUNFLOW.F_CV,WEIR MEAS FROM KEETLEY PLANT SETTLING POND TO JORDANELLE RESERVOIR (raw data gpm),Conveyance,1,9520,PROVO RIVER,Observational,,DIGITAL,A,40.6343455965761,-111.436878537238,Scrape,Yes,https://waterrights.utah.gov/cgi-bin/dvrtview.exe?Modinfo=StationView&STATION_ID=9520,3,DAILY_RECORDS,Mean daily discharge in CFS,Mean daily discharge in GPM,448.8,CFS,6,2016,2025
EMERY,NULL,9533,FLOW - COTTONWOOD CREEK BELOW JOE`S VALLEY RESERVOIR,5551,Joe`s Valley Releases,Reservoir Release,1,9533,COTTONWOOD CREEK,Observational,,DIGITAL,A,39.2875883328312,-111.266485991357,Scrape,Yes,https://waterrights.utah.gov/cgi-bin/dvrtview.exe?Modinfo=StationView&STATION_ID=9533,1,DAILY_RECORDS,Mean daily discharge in CFS,Mean daily discharge in CFS,1,CFS,0,NULL,NULL
SNAKE_DL,NULL,9574,PIVOT PUMP FROM FOOTE RESERVOIR,SV_Foote Pivot,"Pivot Pump @ Foote Ranch, Radio 202,2",Conveyance,1,9574,SNAKE VALLEY,Observational,,FLOWMETER,A,39.4298826217286,-113.888051389626,Direct,Yes,https://waterrights.utah.gov/cgi-bin/dvrtview.exe?Modinfo=StationView&STATION_ID=9574,1,DAILY_RECORDS,Mean daily discharge in CFS,Mean daily discharge in CFS,1,CFS,17,2009,2025
SNAKE_DL,NULL,9595,FOOTE RESERVOIR SPRING,SV_Foote Reservoir,SV_Foote Reservoir,Stream,1,9595,SNAKE VALLEY,Observational,Velocity depth sensor,FLOWMETER,A,39.4155599420489,-113.870190079463,Direct,Yes,https://waterrights.utah.gov/cgi-bin/dvrtview.exe?Modinfo=StationView&STATION_ID=9595,1,DAILY_RECORDS,Mean daily discharge in CFS,Mean daily discharge in CFS,1,CFS,16,2010,2025
NULL,NULL,9607,1200 RED WASH RESERVOIR ELEVATION,NULL,NULL,Reservoir,NULL,9607,DEEP CREEK,Observational,None,NULL,A,40.4308346673513,-109.779065369381,Manual,No,https://waterrights.utah.gov/cgi-bin/dvrtview.exe?Modinfo=StationView&STATION_ID=9607,6,DAILY_RECORDS,Daily gage height in FEET,Daily gage height in FEET,1,FEET,16,2009,2025
NULL,NULL,9625,1201 RED WASH RESERVOIR CONTENT,NULL,NULL,Reservoir,NULL,9625,DEEP CREEK,Observational,Steel I-Beam Ramp Gage on Dam,NULL,I,40.4308346673513,-109.779065369381,Manual,No,https://waterrights.utah.gov/cgi-bin/dvrtview.exe?Modinfo=StationView&STATION_ID=9625,4,DAILY_RECORDS,Daily Reservoir Storage in ACFT,Daily Reservoir Storage in ACFT,1,ACFT,11,2009,2019
USBR,NULL,9627,USBR WILLARD RESERVOIR CONTENTS,WILLARD BAY|storage,from ftp.usbr.gov/UC_Outgoing_Cron/ nwsdata.dat `WILLARD BAY`|`storage` at 8:30AM,Reservoir,1,9627,WEBER RIVER,Observational,,NULL,A,41.3794092806394,-112.090478388147,Scrape,Yes,https://waterrights.utah.gov/cgi-bin/dvrtview.exe?Modinfo=StationView&STATION_ID=9627,4,DAILY_RECORDS,Daily Reservoir Storage in ACFT,Daily Reservoir Storage in ACFT,1,ACFT,17,2009,2025
DEEP_CREEK_DL,NULL,9630,1202 RED WASH RESERVOIR RELEASE,Red Wash Outlet,Release from Red Wash Reservoir,Reservoir Release,1,9630,DEEP CREEK,Observational,Mccrometer 282L Flowmeter,FLOWMETER,A,40.4298025137228,-109.779164580147,Direct,Yes,https://waterrights.utah.gov/cgi-bin/dvrtview.exe?Modinfo=StationView&STATION_ID=9630,1,DAILY_RECORDS,Mean daily discharge in CFS,Mean daily discharge in CFS,1,CFS,14,2011,2025
NULL,NULL,9634,BEAVER CREEK MIDDLE FORK - HOOP LAKE RESERVOIR RELEASE,NULL,NULL,Reservoir Release,NULL,9634,HENRYS FORK,Observational,4-ft Parshall Flume,NULL,A,40.9228755763668,-110.125629766654,Manual,No,https://waterrights.utah.gov/cgi-bin/dvrtview.exe?Modinfo=StationView&STATION_ID=9634,1,DAILY_RECORDS,Mean daily discharge in CFS,Mean daily discharge in CFS,1,CFS,11,1992,2022
NULL,NULL,9649,POT CREEK ABOVE CALDER`S RESERVOIR,NULL,NULL,Stream,NULL,9649,POT CREEK,Observational,4-ft Rectangular  Weir  ?,NULL,A,40.7329317623942,-109.219248230533,Manual,No,https://waterrights.utah.gov/cgi-bin/dvrtview.exe?Modinfo=StationView&STATION_ID=9649,1,DAILY_RECORDS,Mean daily discharge in CFS,Mean daily discharge in CFS,1,CFS,1,2012,2012
USBR,NULL,9668,SCOFIELD RESERVOIR STORAGE,SCOFIELD|storage,from ftp.usbr.gov/UC_Outgoing_Cron/ nwsdata.dat `SCOFIELD`|`storage` at 8:30AM,Reservoir,1,9668,PRICE RIVER,Observational,Pressure,DIGITAL,A,39.7867219538143,-111.119861008348,Scrape,Yes,https://waterrights.utah.gov/cgi-bin/dvrtview.exe?Modinfo=StationView&STATION_ID=9668,4,DAILY_RECORDS,Daily Reservoir Storage in ACFT,Daily Reservoir Storage in ACFT,1,ACFT,14,2007,2025
USBR,NULL,9740,HYRUM RESERVOIR ELEVATION,HYRUM|pool elevation,from ftp.usbr.gov/UC_Outgoing_Cron/ nwsdata.dat `HYRUM`|`pool elevation` at 8:30AM,Reservoir,1,9740,LITTLE BEAR RIVER,Observational,Survey Equipment or estimate,NULL,A,41.6232286284798,-111.86850703255,Scrape,Yes,https://waterrights.utah.gov/cgi-bin/dvrtview.exe?Modinfo=StationView&STATION_ID=9740,6,DAILY_RECORDS,Daily gage height in FEET,Daily gage height in FEET,1,FEET,26,1993,2025
LITTLE_BEAR,NULL,9742,PORCUPINE RESERVOIR ELEVATION,Porcupine Reservoir,Porcupine Reservoir Elevation,Reservoir,1,9742,LITTLE BEAR RIVER,Observational,Pressure transducer and staff gauge,NULL,A,41.5181013446054,-111.745035817907,Direct,Yes,https://waterrights.utah.gov/cgi-bin/dvrtview.exe?Modinfo=StationView&STATION_ID=9742,6,DAILY_RECORDS,Daily gage height in FEET,Daily gage height in FEET,1,FEET,8,2013,2025
USGS,NULL,9757,"FISH CREEK ABOVE RESERVOIR, NEAR SCOFIELD (USGS)",09310500,Fish Creek near Scofield,Stream,1,9757,PRICE RIVER,Observational,USGS Bubbler,NULL,A,39.7753887916265,-111.186060124574,Scrape,Yes,https://waterrights.utah.gov/cgi-bin/dvrtview.exe?Modinfo=StationView&STATION_ID=9757,1,DAILY_RECORDS,Mean daily discharge in CFS,Mean daily discharge in CFS,1,CFS,13,2013,2025
NULL,NULL,9766,HYDRO - ECHO RESERVOIR,NULL,NULL,Hydropower,NULL,9766,WEBER RIVER,Observational,,NULL,A,40.9647463091416,-111.43429236679,Manual,,https://waterrights.utah.gov/cgi-bin/dvrtview.exe?Modinfo=StationView&STATION_ID=9766,1,DAILY_RECORDS,Mean daily discharge in CFS,Mean daily discharge in CFS,1,CFS,13,2012,2024
USBR,NULL,9850,USBR EAST CANYON RESERVOIR ELEVATION,EAST CANYON|pool ele,from ftp.usbr.gov/UC_Outgoing_Cron/ nwsdata.dat `EAST CANYON`|`pool elevation` at 8:30AM,Reservoir,1,9850,WEBER RIVER,Observational,,NULL,A,40.9209599358913,-111.600642673936,Scrape,Yes,https://waterrights.utah.gov/cgi-bin/dvrtview.exe?Modinfo=StationView&STATION_ID=9850,6,DAILY_RECORDS,Daily gage height in FEET,Daily gage height in FEET,1,FEET,13,2013,2025
USBR,NULL,9851,USBR EAST CANYON RESERVOIR RELEASE,EAST CANYON|total release,from ftp.usbr.gov/UC_Outgoing_Cron/ nwsdata.dat `EAST CANYON`|`release` at 8:30AM,Reservoir Release,1,9851,WEBER RIVER,Observational,,NULL,A,40.9206842115249,-111.603785269943,Scrape,Yes,https://waterrights.utah.gov/cgi-bin/dvrtview.exe?Modinfo=StationView&STATION_ID=9851,1,DAILY_RECORDS,Mean daily discharge in CFS,Mean daily discharge in CFS,1,CFS,9,2013,2025
USBR,NULL,9852,USBR ECHO RESERVOIR ELEVATION,ECHO|pool elevation,from ftp.usbr.gov/UC_Outgoing_Cron/ nwsdata.dat `ECHO`|`pool elevation` at 8:30AM,Reservoir,1,9852,WEBER RIVER,Observational,,NULL,A,40.9646643702457,-111.430067603376,Scrape,Yes,https://waterrights.utah.gov/cgi-bin/dvrtview.exe?Modinfo=StationView&STATION_ID=9852,6,DAILY_RECORDS,Daily gage height in FEET,Daily gage height in FEET,1,FEET,13,2013,2025
USBR,NULL,9853,USBR ECHO RESERVOIR RELEASE,ECHO|total release,from ftp.usbr.gov/UC_Outgoing_Cron/ nwsdata.dat `ECHO`|`release` at 8:30AM,Reservoir Release,1,9853,WEBER RIVER,Observational,,NULL,A,40.965856459286,-111.435388749618,Scrape,Yes,https://waterrights.utah.gov/cgi-bin/dvrtview.exe?Modinfo=StationView&STATION_ID=9853,1,DAILY_RECORDS,Mean daily discharge in CFS,Mean daily discharge in CFS,1,CFS,9,2013,2025
USBR,NULL,9854,USBR LOST CREEK RESERVOIR ELEVATION,LOST CREEK|pool el,from ftp.usbr.gov/UC_Outgoing_Cron/ nwsdata.dat `LOST CREEK`|`pool elevation` at 8:30AM,Reservoir,1,9854,WEBER RIVER,Observational,,NULL,A,41.1845067219534,-111.400537693521,Scrape,Yes,https://waterrights.utah.gov/cgi-bin/dvrtview.exe?Modinfo=StationView&STATION_ID=9854,6,DAILY_RECORDS,Daily gage height in FEET,Daily gage height in FEET,1,FEET,13,2013,2025
USBR,NULL,9855,USBR LOST CREEK RESERVOIR RELEASE,LOST CREEK|total release,from ftp.usbr.gov/UC_Outgoing_Cron/ nwsdata.dat `LOST CREEK`|`release` at 8:30AM,Reservoir Release,1,9855,WEBER RIVER,Observational,,NULL,A,41.1816488518981,-111.400179684077,Scrape,Yes,https://waterrights.utah.gov/cgi-bin/dvrtview.exe?Modinfo=StationView&STATION_ID=9855,1,DAILY_RECORDS,Mean daily discharge in CFS,Mean daily discharge in CFS,1,CFS,9,2013,2025
USBR,NULL,9856,USBR WANSHIP RESERVOIR ELEVATION,ROCKPORT RES|pool el,from ftp.usbr.gov/UC_Outgoing_Cron/ nwsdata.dat `ROCKPORT RESERVOIR`|`pool elevation` at 8:30AM,Reservoir,1,9856,WEBER RIVER,Observational,,NULL,A,40.7877814870357,-111.403936688382,Scrape,Yes,https://waterrights.utah.gov/cgi-bin/dvrtview.exe?Modinfo=StationView&STATION_ID=9856,6,DAILY_RECORDS,Daily gage height in FEET,Daily gage height in FEET,1,FEET,13,2013,2025
USBR,NULL,9857,USBR WANSHIP RESERVOIR RELEASE,ROCKPORT RES|total release,from ftp.usbr.gov/UC_Outgoing_Cron/ nwsdata.dat `ROCKPORT RESERVOIR`|`release` at 8:30AM,Reservoir Release,1,9857,WEBER RIVER,Observational,,NULL,A,40.7923090821387,-111.404603927499,Scrape,Yes,https://waterrights.utah.gov/cgi-bin/dvrtview.exe?Modinfo=StationView&STATION_ID=9857,1,DAILY_RECORDS,Mean daily discharge in CFS,Mean daily discharge in CFS,1,CFS,9,2013,2025
USBR,NULL,9858,USBR PINEVIEW RESERVOIR ELEVATION,PINEVIEW|pool elevat,from ftp.usbr.gov/UC_Outgoing_Cron/ nwsdata.dat `PINEVIEW`|`pool elevation` at 8:30AM,Reservoir,1,9858,OGDEN RIVER,Observational,,NULL,A,41.2547384707084,-111.84263376052,Scrape,Yes,https://waterrights.utah.gov/cgi-bin/dvrtview.exe?Modinfo=StationView&STATION_ID=9858,6,DAILY_RECORDS,Daily gage height in FEET,Daily gage height in FEET,1,FEET,13,2013,2025
USBR,NULL,9859,USBR PINEVIEW RESERVOIR RELEASE,PINEVIEW|total release,from ftp.usbr.gov/UC_Outgoing_Cron/ nwsdata.dat `PINEVIEW`|`release` at 8:30AM,Reservoir Release,1,9859,OGDEN RIVER,Observational,,NULL,A,41.254742589476,-111.842623607921,Scrape,Yes,https://waterrights.utah.gov/cgi-bin/dvrtview.exe?Modinfo=StationView&STATION_ID=9859,1,DAILY_RECORDS,Mean daily discharge in CFS,Mean daily discharge in CFS,1,CFS,9,2013,2025
USBR,NULL,9864,USBR CAUSEY RESERVOIR ELEVATION,CAUSEY|pool elevatio,from ftp.usbr.gov/UC_Outgoing_Cron/ nwsdata.dat `CAUSEY`|`pool elevation` at 8:30AM,Reservoir,1,9864,OGDEN RIVER,Observational,,NULL,A,41.2994063282791,-111.58606629766,Scrape,Yes,https://waterrights.utah.gov/cgi-bin/dvrtview.exe?Modinfo=StationView&STATION_ID=9864,6,DAILY_RECORDS,Daily gage height in FEET,Daily gage height in FEET,1,FEET,13,2013,2025
USBR,NULL,9865,USBR CAUSEY RESERVOIR RELEASE,CAUSEY|total release,from ftp.usbr.gov/UC_Outgoing_Cron/ nwsdata.dat `CAUSEY`|`release` at 8:30AM,Reservoir Release,1,9865,OGDEN RIVER,Observational,,NULL,A,41.296749915337,-111.589621250766,Scrape,Yes,https://waterrights.utah.gov/cgi-bin/dvrtview.exe?Modinfo=StationView&STATION_ID=9865,1,DAILY_RECORDS,Mean daily discharge in CFS,Mean daily discharge in CFS,1,CFS,9,2013,2025
USBR,NULL,9867,USBR WILLARD RESERVOIR ELEVATION,WILLARD BAY|pool ele,from ftp.usbr.gov/UC_Outgoing_Cron/ nwsdata.dat `WILLARD BAY`|`pool elevation` at 8:30AM,Reservoir,1,9867,WEBER RIVER,Observational,,NULL,A,41.3794092806394,-112.090478388147,Scrape,Yes,https://waterrights.utah.gov/cgi-bin/dvrtview.exe?Modinfo=StationView&STATION_ID=9867,6,DAILY_RECORDS,Daily gage height in FEET,Daily gage height in FEET,1,FEET,12,2014,2025
NULL,NULL,9879,HYDRO - WANSHIP RESERVOIR,NULL,NULL,Hydropower,NULL,9879,WEBER RIVER,Observational,,NULL,A,40.7904286804389,-111.403944705683,Manual,,https://waterrights.utah.gov/cgi-bin/dvrtview.exe?Modinfo=StationView&STATION_ID=9879,1,DAILY_RECORDS,Mean daily discharge in CFS,Mean daily discharge in CFS,1,CFS,12,2013,2024
USBR,NULL,9911,USBR WILLARD RESERVOIR RELEASE,WILLARD BAY|total release,from ftp.usbr.gov/UC_Outgoing_Cron/ nwsdata.dat `WILLARD BAY`|`release` at 8:30AM,Reservoir Release,1,9911,WEBER RIVER,Observational,,NULL,A,41.4214060509427,-112.063526313789,Scrape,Yes,https://waterrights.utah.gov/cgi-bin/dvrtview.exe?Modinfo=StationView&STATION_ID=9911,1,DAILY_RECORDS,Mean daily discharge in CFS,Mean daily discharge in CFS,1,CFS,7,2014,2024
WEBER_BASIN,NULL,9959,USBR CAUSEY RESERVOIR RELEASE (WEBER BASIN),Causey Outlet Flow,,Reservoir Release,1,9959,OGDEN RIVER,Observational,,NULL,A,41.2967800604426,-111.589565695787,Scrape,Yes,https://waterrights.utah.gov/cgi-bin/dvrtview.exe?Modinfo=StationView&STATION_ID=9959,1,DAILY_RECORDS,Mean daily discharge in CFS,Mean daily discharge in CFS,1,CFS,12,2014,2025
NULL,NULL,9964,RESERVOIR - SMITH AND MOREHOUSE RELEASE,NULL,NULL,Reservoir Release,NULL,9964,WEBER RIVER,Observational,,NULL,A,40.7597808710807,-111.104125579857,Manual,No,https://waterrights.utah.gov/cgi-bin/dvrtview.exe?Modinfo=StationView&STATION_ID=9964,4,DAILY_RECORDS,Daily Reservoir Storage in ACFT,Daily Reservoir Storage in ACFT,1,ACFT,10,2014,2023
NULL,NULL,9992,RESERVOIR - EAST CANYON,NULL,NULL,Reservoir,NULL,9992,WEBER RIVER,Observational,,NULL,A,40.9209599358913,-111.600642673936,Manual,No,https://waterrights.utah.gov/cgi-bin/dvrtview.exe?Modinfo=StationView&STATION_ID=9992,4,DAILY_RECORDS,Daily Reservoir Storage in ACFT,Daily Reservoir Storage in ACFT,1,ACFT,10,2014,2023
NULL,NULL,9993,RESERVOIR - ECHO,NULL,NULL,Reservoir,NULL,9993,WEBER RIVER,Observational,,NULL,A,40.9646643702457,-111.430067603376,Manual,No,https://waterrights.utah.gov/cgi-bin/dvrtview.exe?Modinfo=StationView&STATION_ID=9993,4,DAILY_RECORDS,Daily Reservoir Storage in ACFT,Daily Reservoir Storage in ACFT,1,ACFT,10,2014,2023
NULL,NULL,9994,RESERVOIR - LOST CREEK,NULL,NULL,Reservoir,NULL,9994,WEBER RIVER,Observational,,NULL,A,41.1840571212226,-111.398472400822,Manual,No,https://waterrights.utah.gov/cgi-bin/dvrtview.exe?Modinfo=StationView&STATION_ID=9994,4,DAILY_RECORDS,Daily Reservoir Storage in ACFT,Daily Reservoir Storage in ACFT,1,ACFT,10,2014,2023
NULL,NULL,9995,RESERVOIR - WILLARD,NULL,NULL,,NULL,9995,WEBER RIVER,Observational,,NULL,A,41.3794092806394,-112.090478388147,Manual,No,https://waterrights.utah.gov/cgi-bin/dvrtview.exe?Modinfo=StationView&STATION_ID=9995,4,DAILY_RECORDS,Daily Reservoir Storage in ACFT,Daily Reservoir Storage in ACFT,1,ACFT,10,2014,2023
NULL,NULL,9996,RESERVOIR - WANSHIP,NULL,NULL,Reservoir,NULL,9996,WEBER RIVER,Observational,,NULL,A,40.7892104146108,-111.403902547285,Manual,No,https://waterrights.utah.gov/cgi-bin/dvrtview.exe?Modinfo=StationView&STATION_ID=9996,4,DAILY_RECORDS,Daily Reservoir Storage in ACFT,Daily Reservoir Storage in ACFT,1,ACFT,10,2014,2023
USBR,NULL,9997,USBR SMITH & MOREHOUSE CONTENTS,SMITH & MOREHOUSE RESERVOIR|storage,from ftp.usbr.gov/UC_Outgoing_Cron/ nwsdata.dat `SMITH AND MOREHOUSE|`storage` at 8:30AM,Reservoir,1,9997,WEBER RIVER,Observational,,NULL,A,40.7597808710807,-111.104125579857,Scrape,Yes,https://waterrights.utah.gov/cgi-bin/dvrtview.exe?Modinfo=StationView&STATION_ID=9997,4,DAILY_RECORDS,Daily Reservoir Storage in ACFT,Daily Reservoir Storage in ACFT,1,ACFT,11,2015,2025
USBR,NULL,9998,USBR SMITH & MOREHOUSE ELEVATION,SMITH & MOREHOUSE RESERVOIR|pool elevati,from ftp.usbr.gov/UC_Outgoing_Cron/ nwsdata.dat `SMITH AND MOREHOUSE|`storage` at 8:30AM,Reservoir,1,9998,WEBER RIVER,Observational,,NULL,A,40.7595611637264,-111.104051534106,Scrape,Yes,https://waterrights.utah.gov/cgi-bin/dvrtview.exe?Modinfo=StationView&STATION_ID=9998,6,DAILY_RECORDS,Daily gage height in FEET,Daily gage height in FEET,1,FEET,11,2015,2025
USBR,NULL,10000,USBR SMITH & MOREHOUSE RELEASE (OUTLET),SMITH & MOREHOUSE RESERVOIR|outlet rel,from ftp.usbr.gov/UC_Outgoing_Cron/ nwsdata.dat `SMITH AND MOREHOUSE|`outlet release` at 8:30AM,Reservoir Release,1,10000,WEBER RIVER,Observational,VALVE OR METER,DIGITAL,I,40.7636514461597,-111.102952253835,Scrape,Yes,https://waterrights.utah.gov/cgi-bin/dvrtview.exe?Modinfo=StationView&STATION_ID=10000,1,DAILY_RECORDS,Mean daily discharge in CFS,Mean daily discharge in CFS,1,CFS,2,2017,2018
USBR,NULL,10020,SCOFIELD RESERVOIR ELEVATION,SCOFIELD|pool elevation,from ftp.usbr.gov/UC_Outgoing_Cron/ nwsdata.dat `SCOFIELD`|`pool elevation` at 8:30AM,Reservoir,1,10020,PRICE RIVER,Observational,,DIGITAL,A,39.7867219538143,-111.119861008348,Scrape,Yes,https://waterrights.utah.gov/cgi-bin/dvrtview.exe?Modinfo=StationView&STATION_ID=10020,6,DAILY_RECORDS,Daily gage height in FEET,Daily gage height in FEET,1,FEET,12,2014,2025
NULL,NULL,10122,SPANISH FORK PROVO RESERVOIR CANAL PIPELINE RELEASE TO PROVO RIVER,NULL,NULL,Conveyance,NULL,10122,PROVO RIVER,Observational,,NULL,A,40.3143557496269,-111.656967136683,Manual,Yes,https://waterrights.utah.gov/cgi-bin/dvrtview.exe?Modinfo=StationView&STATION_ID=10122,1,DAILY_RECORDS,Mean daily discharge in CFS,Mean daily discharge in CFS,1,CFS,5,2020,2024
BEAR_UPL,NULL,10178,SODA,Soda Reservoir Contents,Soda Reservoir Contents (Acre-Feet),Reservoir,1,10178,LBR - IDAHO,Observational,,NULL,A,42.6442295602959,-111.696017213576,Scrape,Yes,https://waterrights.utah.gov/cgi-bin/dvrtview.exe?Modinfo=StationView&STATION_ID=10178,4,DAILY_RECORDS,Daily Reservoir Storage in ACFT,Daily Reservoir Storage in ACFT,1,ACFT,11,2016,2025
BEAR_UPL,NULL,10179,ONEIDA,Oneida Reservoir Contents,Oneida Reservoir Contents (Acre-Feet),Reservoir,1,10179,LBR - IDAHO,Observational,,NULL,A,42.2757619309847,-111.748839735879,Scrape,Yes,https://waterrights.utah.gov/cgi-bin/dvrtview.exe?Modinfo=StationView&STATION_ID=10179,4,DAILY_RECORDS,Daily Reservoir Storage in ACFT,Daily Reservoir Storage in ACFT,1,ACFT,11,2016,2025
USBR,NULL,10284,USBR SMITH & MOREHOUSE RELEASE (VALVE),SMITH & MOREHOUSE RESERVOIR|gate opening,from ftp.usbr.gov/UC_Outgoing_Cron/ nwsdata.dat `SMITH AND MOREHOUSE|`gate opening release` at 8:30AM,Reservoir Release,1,10284,WEBER RIVER,Observational,RATING TABLE WITH % OPEN AND ELEV,NULL,I,40.7629557041952,-111.102098370103,Scrape,Yes,https://waterrights.utah.gov/cgi-bin/dvrtview.exe?Modinfo=StationView&STATION_ID=10284,1,DAILY_RECORDS,Mean daily discharge in CFS,Mean daily discharge in CFS,1,CFS,2,2017,2018
USBR,NULL,10285,USBR SMITH & MOREHOUSE RELEASE (METER),SMITH & MOREHOUSE RESERVOIR|outlet re,,Reservoir Release,1,10285,WEBER RIVER,Observational,Dynasonics meter installed 2017,NULL,I,40.7639176057932,-111.102435549306,Scrape,Yes,https://waterrights.utah.gov/cgi-bin/dvrtview.exe?Modinfo=StationView&STATION_ID=10285,1,DAILY_RECORDS,Mean daily discharge in CFS,Mean daily discharge in CFS,1,CFS,2,2017,2018
USBR,NULL,10286,USBR SMITH & MOREHOUSE RELEASE (SPILLWAY),SMITH & MOREHOUSE RESERVOIR|spillway rel,from ftp.usbr.gov/UC_Outgoing_Cron/ nwsdata.dat `SMITH AND MOREHOUSE|`spillway release` at 8:30AM,Reservoir Release,1,10286,WEBER RIVER,Observational,GAGING STATION AS RATED SECTION,NULL,I,40.7630116563853,-111.10219028997,Scrape,Yes,https://waterrights.utah.gov/cgi-bin/dvrtview.exe?Modinfo=StationView&STATION_ID=10286,1,DAILY_RECORDS,Mean daily discharge in CFS,Mean daily discharge in CFS,1,CFS,2,2017,2018
NULL,NULL,10362,PORCUPINE RESERVOIR OUTLET (CORRECTED IF NEEDED),NULL,NULL,Reservoir Release,NULL,10362,LITTLE BEAR RIVER,Observational,,NULL,I,NULL,NULL,Manual,No,https://waterrights.utah.gov/cgi-bin/dvrtview.exe?Modinfo=StationView&STATION_ID=10362,1,DAILY_RECORDS,Mean daily discharge in CFS,Mean daily discharge in CFS,1,CFS,1,2018,2018
EMERY,NULL,10377,EMERY WCD - HUNTINGTON NORTH RESERVOIR DIVERSION,6454,HUNTINGTON NORTH RES DAILY DIVERSION,Conveyance,1,10377,HUNTINGTON CREEK,Observational,,DIGITAL,A,39.3528198245453,-110.952372924559,Scrape,Yes,https://waterrights.utah.gov/cgi-bin/dvrtview.exe?Modinfo=StationView&STATION_ID=10377,1,DAILY_RECORDS,Mean daily discharge in CFS,Mean daily discharge in CFS,1,CFS,8,2018,2025
NULL,NULL,10454,SCOFIELD RESERVOIR STORAGE (COMMISSIONER),NULL,NULL,Reservoir,NULL,10454,PRICE RIVER,Observational,,NULL,I,39.7870485814995,-111.121376740752,Manual,No,https://waterrights.utah.gov/cgi-bin/dvrtview.exe?Modinfo=StationView&STATION_ID=10454,16,DAILY_RECORDS,See Comments for Unit Definition,See Comments for Unit Definition,1,F,0,NULL,NULL
NULL,NULL,10484,MATT WARNER RESERVOIR - TOTAL CONTENT,NULL,NULL,Reservoir,NULL,10484,POT CREEK,Observational,,NULL,A,40.764503173874,-109.299634670506,Manual,No,https://waterrights.utah.gov/cgi-bin/dvrtview.exe?Modinfo=StationView&STATION_ID=10484,4,DAILY_RECORDS,Daily Reservoir Storage in ACFT,Daily Reservoir Storage in ACFT,1,ACFT,9,2016,2024
NULL,NULL,10485,CALDER RESERVOIR - TOTAL CONTENT,NULL,NULL,Reservoir,NULL,10485,POT CREEK,Observational,Elevation on Ramp,NULL,A,40.7288153702512,-109.204494934179,Manual,No,https://waterrights.utah.gov/cgi-bin/dvrtview.exe?Modinfo=StationView&STATION_ID=10485,4,DAILY_RECORDS,Daily Reservoir Storage in ACFT,Daily Reservoir Storage in ACFT,1,ACFT,9,2016,2024
NULL,NULL,10486,CROUSE RESERVOIR - TOTAL CONTENT,NULL,NULL,Reservoir,NULL,10486,POT CREEK,Observational,,NULL,A,40.7201850144561,-109.180987216184,Manual,No,https://waterrights.utah.gov/cgi-bin/dvrtview.exe?Modinfo=StationView&STATION_ID=10486,4,DAILY_RECORDS,Daily Reservoir Storage in ACFT,Daily Reservoir Storage in ACFT,1,ACFT,8,2017,2024
NULL,NULL,10487,DRY LAKE RESERVOIR - CONTENT (COLORADO),NULL,NULL,Reservoir,NULL,10487,POT CREEK,Observational,,NULL,A,40.6674609950538,-108.999601824441,Manual,No,https://waterrights.utah.gov/cgi-bin/dvrtview.exe?Modinfo=StationView&STATION_ID=10487,4,DAILY_RECORDS,Daily Reservoir Storage in ACFT,Daily Reservoir Storage in ACFT,1,ACFT,8,2017,2024
NULL,NULL,10488,OFFIELD RESERVOIR - TOTAL CONTENT (COLORADO),NULL,NULL,Reservoir,NULL,10488,POT CREEK,Observational,,NULL,A,40.6603953157688,-109.00001840275,Manual,No,https://waterrights.utah.gov/cgi-bin/dvrtview.exe?Modinfo=StationView&STATION_ID=10488,4,DAILY_RECORDS,Daily Reservoir Storage in ACFT,Daily Reservoir Storage in ACFT,1,ACFT,8,2017,2024
UINTAH,NULL,10524,RED FLEET RESERVOIR CONTENT,10487,Red Fleet Reservoir Elevation,Reservoir,1,10524,BRUSH CREEK,Observational,,FLOWMETER,A,40.5746195380495,-109.423848333565,Scrape,Yes,https://waterrights.utah.gov/cgi-bin/dvrtview.exe?Modinfo=StationView&STATION_ID=10524,4,DAILY_RECORDS,Daily Reservoir Storage in ACFT,Daily Reservoir Storage in ACFT,1,ACFT,2,2024,2025
UINTAH,NULL,10525,STEINAKER RESERVOIR CONTENT,10534,Steinaker Reservoir Content,Reservoir,1,10525,ASHLEY CREEK,Observational,Sensor,STAGE,A,40.5059567989769,-109.534501473435,Scrape,Yes,https://waterrights.utah.gov/cgi-bin/dvrtview.exe?Modinfo=StationView&STATION_ID=10525,4,DAILY_RECORDS,Daily Reservoir Storage in ACFT,Daily Reservoir Storage in ACFT,1,ACFT,2,2024,2025
UINTAH,NULL,10527,OAKS PARK RESERVOIR OUTFLOW,10527,OAKS PARK RESERVOIR OUTFLOW,Reservoir Release,1,10527,BRUSH CREEK,Observational,,FLOWMETER,A,40.7445295074243,-109.622426148598,Scrape,Yes,https://waterrights.utah.gov/cgi-bin/dvrtview.exe?Modinfo=StationView&STATION_ID=10527,1,DAILY_RECORDS,Mean daily discharge in CFS,Mean daily discharge in CFS,1,CFS,3,2023,2025
UINTAH,NULL,10528,OAKS PARK RESERVOIR CONTENT,10526,Oaks Park Reservoir Active Capacity,Reservoir,1,10528,BRUSH CREEK,Observational,,NULL,A,40.7446591415312,-109.622354160569,Scrape,Yes,https://waterrights.utah.gov/cgi-bin/dvrtview.exe?Modinfo=StationView&STATION_ID=10528,4,DAILY_RECORDS,Daily Reservoir Storage in ACFT,Daily Reservoir Storage in ACFT,1,ACFT,2,2024,2025
NULL,NULL,10530,LONG PARK RESERVOIR RELEASE,NULL,NULL,Reservoir Release,NULL,10530,ASHLEY CREEK,Observational,Parshall Flume,NULL,I,40.7717902046525,-109.764774101031,,No,https://waterrights.utah.gov/cgi-bin/dvrtview.exe?Modinfo=StationView&STATION_ID=10530,1,DAILY_RECORDS,Mean daily discharge in CFS,Mean daily discharge in CFS,1,CFS,0,NULL,NULL
SEVIER,NULL,10534,KOOSHAREM RESERVOIR ELEVATION,11626,Koosharem Reservoir Elevation,Reservoir,1,10534,SEVIER RIVER,Observational,Pressure Transducer,DIGITAL,A,38.5910526421573,-111.846944268217,Scrape,Yes,https://waterrights.utah.gov/cgi-bin/dvrtview.exe?Modinfo=StationView&STATION_ID=10534,6,DAILY_RECORDS,Daily gage height in FEET,Daily gage height in FEET,1,FEET,4,2021,2024
NULL,NULL,10535,KOOSHAREM RESERVOIR OUTLET,NULL,NULL,Reservoir Release,NULL,10535,SEVIER RIVER,Observational,,NULL,A,38.590471249869,-111.847006250755,Direct,Yes,https://waterrights.utah.gov/cgi-bin/dvrtview.exe?Modinfo=StationView&STATION_ID=10535,1,DAILY_RECORDS,Mean daily discharge in CFS,Mean daily discharge in CFS,1,CFS,4,2021,2024
EMERY,NULL,10551,JOES VALLEY RESERVOIR ELEVATION,9202,Content Joe`s Valley Reservoir Elevation,Reservoir,1,10551,COTTONWOOD CREEK,Observational,,NULL,A,39.2884619750568,-111.270320620817,Scrape,Yes,https://waterrights.utah.gov/cgi-bin/dvrtview.exe?Modinfo=StationView&STATION_ID=10551,1,DAILY_RECORDS,Mean daily discharge in CFS,Mean daily discharge in CFS,1,CFS,14,1980,2025
SEVIER,NULL,10577,KOOSHAREM RESERVOIR CONTENTS,11628,Koosharem Reservoir Contents,Reservoir,1,10577,SEVIER RIVER,Observational,,DIGITAL,A,38.5910526421573,-111.846944268217,Scrape,Yes,https://waterrights.utah.gov/cgi-bin/dvrtview.exe?Modinfo=StationView&STATION_ID=10577,4,DAILY_RECORDS,Daily Reservoir Storage in ACFT,Daily Reservoir Storage in ACFT,1,ACFT,4,2021,2024
DUCHESNE,NULL,10583,BIG SAND WASH RESERVOIR ELEVATION,10362,*,Reservoir,NULL,10583,LAKE FORK RIVER,Observational,,NULL,A,40.2933472651466,-110.228075381412,Scrape,Yes,https://waterrights.utah.gov/cgi-bin/dvrtview.exe?Modinfo=StationView&STATION_ID=10583,6,DAILY_RECORDS,Daily gage height in FEET,Daily gage height in FEET,1,FEET,14,2012,2025
DUCHESNE,NULL,10584,BIG SAND WASH RESERVOIR VOLUME,10363,*,Reservoir,NULL,10584,LAKE FORK RIVER,Observational,,NULL,A,40.2933472651466,-110.228075381412,Scrape,Yes,https://waterrights.utah.gov/cgi-bin/dvrtview.exe?Modinfo=StationView&STATION_ID=10584,4,DAILY_RECORDS,Daily Reservoir Storage in ACFT,Daily Reservoir Storage in ACFT,1,ACFT,14,2012,2025
DUCHESNE,NULL,10585,BIG SAND WASH RESERVOIR  48`` #1 FLOW,10746,*,Conveyance,NULL,10585,LAKE FORK RIVER,Observational,,NULL,A,40.2926706712028,-110.227173572608,Scrape,Yes,https://waterrights.utah.gov/cgi-bin/dvrtview.exe?Modinfo=StationView&STATION_ID=10585,1,DAILY_RECORDS,Mean daily discharge in CFS,Mean daily discharge in CFS,1,CFS,9,2017,2025
DUCHESNE,NULL,10586,BIG SAND WASH RESERVOIR  48`` #2 FLOW,10747,*,Conveyance,NULL,10586,LAKE FORK RIVER,Observational,,NULL,A,40.2924374397277,-110.227431065901,Scrape,Yes,https://waterrights.utah.gov/cgi-bin/dvrtview.exe?Modinfo=StationView&STATION_ID=10586,1,DAILY_RECORDS,Mean daily discharge in CFS,Mean daily discharge in CFS,1,CFS,9,2017,2025
DUCHESNE,NULL,10587,BIG SAND WASH RESERVOIR - ROOSEVELT PIPELINE FLOW,10748,*,Conveyance,NULL,10587,LAKE FORK RIVER,Observational,,NULL,A,40.293038917524,-110.226819521532,Scrape,Yes,https://waterrights.utah.gov/cgi-bin/dvrtview.exe?Modinfo=StationView&STATION_ID=10587,1,DAILY_RECORDS,Mean daily discharge in CFS,Mean daily discharge in CFS,1,CFS,9,2017,2025
DUCHESNE,NULL,10589,BIG SAND WASH RESERVOIR - ROOSEVELT FILLER,10972,*,Conveyance,NULL,10589,LAKE FORK RIVER,Observational,,NULL,A,NULL,NULL,Scrape,Yes,https://waterrights.utah.gov/cgi-bin/dvrtview.exe?Modinfo=StationView&STATION_ID=10589,1,DAILY_RECORDS,Mean daily discharge in CFS,Mean daily discharge in CFS,1,CFS,12,2014,2025
DUCHESNE,NULL,10590,BIG SAND WASH RESERVOIR - 18`` FLOW,10973,*,Conveyance,NULL,10590,LAKE FORK RIVER,Observational,,NULL,A,40.2928711589811,-110.227018009368,Scrape,Yes,https://waterrights.utah.gov/cgi-bin/dvrtview.exe?Modinfo=StationView&STATION_ID=10590,1,DAILY_RECORDS,Mean daily discharge in CFS,Mean daily discharge in CFS,1,CFS,12,2014,2025
DUCHESNE,NULL,10605,BROWN`S DRAW RESERVOIR ELEVATION,9343,*,Reservoir,NULL,10605,UINTA AND WHITEROCKS RIVERS,Observational,,NULL,A,40.4238975503686,-110.121932906802,Scrape,Yes,https://waterrights.utah.gov/cgi-bin/dvrtview.exe?Modinfo=StationView&STATION_ID=10605,6,DAILY_RECORDS,Daily gage height in FEET,Daily gage height in FEET,1,FEET,16,2010,2025
DUCHESNE,NULL,10606,BROWN`S DRAW RESERVOIR VOLUME,9958,*,Reservoir,NULL,10606,UINTA AND WHITEROCKS RIVERS,Observational,,NULL,A,40.4238975503686,-110.121932906802,Scrape,Yes,https://waterrights.utah.gov/cgi-bin/dvrtview.exe?Modinfo=StationView&STATION_ID=10606,4,DAILY_RECORDS,Daily Reservoir Storage in ACFT,Daily Reservoir Storage in ACFT,1,ACFT,16,2010,2025
DUCHESNE,NULL,10607,BROWN`S DRAW RESERVOIR OUTFLOW,10933,*,Reservoir Release,NULL,10607,UINTA AND WHITEROCKS RIVERS,Observational,,NULL,A,40.4244159365299,-110.120148526484,Scrape,Yes,https://waterrights.utah.gov/cgi-bin/dvrtview.exe?Modinfo=StationView&STATION_ID=10607,1,DAILY_RECORDS,Mean daily discharge in CFS,Mean daily discharge in CFS,1,CFS,12,2014,2025
UINTA_RIVER_DL,NULL,10651,M&S RESERVOIR 11004,M&S Reservoir Elevation,Direct collection from M&S Reservoir,Reservoir,1,10651,UINTA AND WHITEROCKS RIVERS,Observational,,STAGE,A,40.459455070735,-109.823736833386,Direct,Yes,https://waterrights.utah.gov/cgi-bin/dvrtview.exe?Modinfo=StationView&STATION_ID=10651,4,DAILY_RECORDS,Daily Reservoir Storage in ACFT,Daily Reservoir Storage in ACFT,1,ACFT,8,2014,2025
DUCHESNE,NULL,10655,MOON LAKE RESERVOIR FLOW,7365,*,Reservoir Release,NULL,10655,LAKE FORK RIVER,Observational,,NULL,A,40.5587641281607,-110.487524779715,Scrape,Yes,https://waterrights.utah.gov/cgi-bin/dvrtview.exe?Modinfo=StationView&STATION_ID=10655,1,DAILY_RECORDS,Mean daily discharge in CFS,Mean daily discharge in CFS,1,CFS,16,2010,2025
DUCHESNE,NULL,10656,MOON LAKE RESERVOIR ELEVATION,7374,*,Reservoir,NULL,10656,LAKE FORK RIVER,Observational,,NULL,A,40.5621660522397,-110.487304177531,Scrape,Yes,https://waterrights.utah.gov/cgi-bin/dvrtview.exe?Modinfo=StationView&STATION_ID=10656,6,DAILY_RECORDS,Daily gage height in FEET,Daily gage height in FEET,1,FEET,7,2019,2025
DUCHESNE,NULL,10657,MOON LAKE RESERVOIR VOLUME,9051,*,Reservoir,NULL,10657,LAKE FORK RIVER,Observational,,NULL,A,40.5621660522397,-110.487304177531,Scrape,Yes,https://waterrights.utah.gov/cgi-bin/dvrtview.exe?Modinfo=StationView&STATION_ID=10657,4,DAILY_RECORDS,Daily Reservoir Storage in ACFT,Daily Reservoir Storage in ACFT,1,ACFT,16,2010,2025
DUCHESNE,NULL,10658,MOON LAKE RESERVOIR FISH BYPASS,8730,*,Reservoir Release,NULL,10658,LAKE FORK RIVER,Observational,,NULL,A,40.5602420153089,-110.48725059447,Scrape,Yes,https://waterrights.utah.gov/cgi-bin/dvrtview.exe?Modinfo=StationView&STATION_ID=10658,1,DAILY_RECORDS,Mean daily discharge in CFS,Mean daily discharge in CFS,1,CFS,16,2010,2025
DUCHESNE,NULL,10659,MOON LAKE RESERVOIR GATE 1,8729,*,Reservoir Release,NULL,10659,LAKE FORK RIVER,Observational,,NULL,A,40.5595573338802,-110.487352511914,Scrape,Yes,https://waterrights.utah.gov/cgi-bin/dvrtview.exe?Modinfo=StationView&STATION_ID=10659,1,DAILY_RECORDS,Mean daily discharge in CFS,Mean daily discharge in CFS,1,CFS,16,2010,2025
DUCHESNE,NULL,10660,MOON LAKE RESERVOIR GATE 2,8728,*,Conveyance,1,10660,LAKE FORK RIVER,Observational,,NULL,A,40.5598100102479,-110.487314959144,Scrape,Yes,https://waterrights.utah.gov/cgi-bin/dvrtview.exe?Modinfo=StationView&STATION_ID=10660,1,DAILY_RECORDS,Mean daily discharge in CFS,Mean daily discharge in CFS,1,CFS,16,2010,2025
USGS,NULL,10748,"USGS SOUTH CREEK ABOVE RESERVOIR NEAR MONTICELLO, UT",9378170,"USGS SOUTH CREEK ABOVE RESERVOIR NEAR MONTICELLO, UT",Stream,NULL,10748,USGS GAGES,Observational,,NULL,A,37.8466882586839,-109.36955976022,Scrape,Yes,https://waterrights.utah.gov/cgi-bin/dvrtview.exe?Modinfo=StationView&STATION_ID=10748,1,DAILY_RECORDS,Mean daily discharge in CFS,Mean daily discharge in CFS,1,CFS,41,1985,2025
SEVIER,NULL,10830,GUNNISON BEND RESERVOIR ELEVATION,3852,GUNNISON BEND RESERVOIR ELEVATION,Reservoir,1,10830,SEVIER RIVER,Observational,,DIGITAL,A,39.3506821865453,-112.613350071932,Scrape,Yes,https://waterrights.utah.gov/cgi-bin/dvrtview.exe?Modinfo=StationView&STATION_ID=10830,6,DAILY_RECORDS,Daily gage height in FEET,Daily gage height in FEET,1,FEET,5,2021,2025
SEVIER,NULL,10831,DMAD RESERVOIR ELEVATION,3806,DMAD Reservoir Elevation,Reservoir,1,10831,SEVIER RIVER,Observational,,DIGITAL,A,39.3937520006855,-112.48321019824,Scrape,Yes,https://waterrights.utah.gov/cgi-bin/dvrtview.exe?Modinfo=StationView&STATION_ID=10831,6,DAILY_RECORDS,Daily gage height in FEET,Daily gage height in FEET,1,FEET,8,1915,2025
SEVIER,NULL,10833,PIUTE RESERVOIR GAGE HEIGHT,4004,PIUTE RESERVOIR GAGE HEIGHT,Reservoir,1,10833,SEVIER RIVER,Observational,,DIGITAL,A,38.3232538459545,-112.192400686349,Scrape,Yes,https://waterrights.utah.gov/cgi-bin/dvrtview.exe?Modinfo=StationView&STATION_ID=10833,6,DAILY_RECORDS,Daily gage height in FEET,Daily gage height in FEET,1,FEET,5,2021,2025
SEVIER,NULL,10834,OTTER CREEK RESERVOIR GAGE HEIGHT,3954,OTTER CREEK RESERVOIR STAFF GAGE HEIGHT,Reservoir,1,10834,SEVIER RIVER,Observational,,DIGITAL,A,38.1732792168992,-112.007383143625,Scrape,Yes,https://waterrights.utah.gov/cgi-bin/dvrtview.exe?Modinfo=StationView&STATION_ID=10834,6,DAILY_RECORDS,Daily gage height in FEET,Daily gage height in FEET,1,FEET,5,2021,2025
SEVIER,NULL,10836,ROCKY FORD RESERVOIR STAFF GAGE HEIGHT,4033,ROCKY FORD RESERVOIR STAFF GAGE HEIGHT,Reservoir,1,10836,SEVIER RIVER,Observational,,DIGITAL,A,38.8682883854622,-111.955973552519,Scrape,Yes,https://waterrights.utah.gov/cgi-bin/dvrtview.exe?Modinfo=StationView&STATION_ID=10836,6,DAILY_RECORDS,Daily gage height in FEET,Daily gage height in FEET,1,FEET,5,2021,2025
NULL,NULL,10859,1202 RED WASH RESERVOIR RELEASE ANNUAL,NULL,NULL,Reservoir Release,1,10859,DEEP CREEK,Observational,Totalizing Meter,FLOWMETER,I,40.4297889330789,-109.779164165578,Manual,No,https://waterrights.utah.gov/cgi-bin/dvrtview.exe?Modinfo=StationView&STATION_ID=10859,11,ANNUAL_RECORDS,Annual Diversion in ACFT,Annual Diversion in ACFT,1,ACFT,1,2024,2024
UINTAH,NULL,10955,RED FLEET RESERVOIR ELEVATION,10487,Red Fleet Reservoir Elevation,Reservoir,1,10955,BRUSH CREEK,Observational,,NULL,A,40.5746195380495,-109.423848333565,Scrape,Yes,https://waterrights.utah.gov/cgi-bin/dvrtview.exe?Modinfo=StationView&STATION_ID=10955,6,DAILY_RECORDS,Daily gage height in FEET,Daily gage height in FEET,1,FEET,2,2024,2025
UINTAH,NULL,10956,RED FLEET RESERVOIR SURFACE AREA,10487,Red Fleet Reservoir Elevation,Reservoir,1,10956,BRUSH CREEK,Observational,,NULL,A,40.5746195380495,-109.423848333565,Scrape,Yes,https://waterrights.utah.gov/cgi-bin/dvrtview.exe?Modinfo=StationView&STATION_ID=10956,17,DAILY_RECORDS,Daily Surface Area in Acres,Daily Surface Area in Acres,1,AC,2,2024,2025
UINTAH,NULL,10958,RED FLEET RESERVOIR RELEASE TO BRUSH CREEK - MAIN,10671,Red Fleet Reservoir Release to Brush Creek - Main + Pumping Plant,Reservoir Release,1,10958,BRUSH CREEK,Observational,,NULL,A,40.5733001241995,-109.421579054476,Scrape,Yes,https://waterrights.utah.gov/cgi-bin/dvrtview.exe?Modinfo=StationView&STATION_ID=10958,1,DAILY_RECORDS,Mean daily discharge in CFS,Mean daily discharge in CFS,1,CFS,2,2024,2025
UINTAH,NULL,10959,RED FLEET RESERVOIR RELEASE TO BRUSH CREEK - BYPASS,10672,Red Fleet Reservoir Release to Brush Creek - Bypass,Reservoir Release,1,10959,BRUSH CREEK,Observational,,NULL,A,40.5759409873786,-109.420206348174,Scrape,Yes,https://waterrights.utah.gov/cgi-bin/dvrtview.exe?Modinfo=StationView&STATION_ID=10959,1,DAILY_RECORDS,Mean daily discharge in CFS,Mean daily discharge in CFS,1,CFS,2,2024,2025
UINTAH,NULL,10960,OAKS PARK RESERVOIR ELEVATION,10525,Oaks Park Reservoir Elevation,Reservoir,1,10960,BRUSH CREEK,Observational,,NULL,A,40.7446669568032,-109.622351571197,Scrape,Yes,https://waterrights.utah.gov/cgi-bin/dvrtview.exe?Modinfo=StationView&STATION_ID=10960,1,DAILY_RECORDS,Mean daily discharge in CFS,Mean daily discharge in CFS,1,CFS,2,2024,2025
NULL,NULL,10961,JOES VALLEY RESERVOIR PIPELINE OUTFLOW,NULL,NULL,Reservoir Release,NULL,10961,COTTONWOOD CREEK,Observational,,NULL,I,NULL,NULL,Direct,Yes,https://waterrights.utah.gov/cgi-bin/dvrtview.exe?Modinfo=StationView&STATION_ID=10961,1,DAILY_RECORDS,Mean daily discharge in CFS,Mean daily discharge in CFS,1,CFS,0,NULL,NULL
SEVIER,NULL,10974,OTTER CREEK RESERVOIR SURFACE AREA,3954,OTTER CREEK RESERVOIR STAFF GAGE HEIGHT,Reservoir,1,10974,SEVIER RIVER,Observational,,NULL,A,38.1732792168992,-112.007383143625,Scrape,Yes,https://waterrights.utah.gov/cgi-bin/dvrtview.exe?Modinfo=StationView&STATION_ID=10974,17,DAILY_RECORDS,Daily Surface Area in Acres,Daily Surface Area in Acres,1,AC,4,2022,2025
EMERY,NULL,10994,HUNTINGTON RESERVOIR,6470,,Reservoir,1,10994,SOUTH EAST REGION,Observational,,NULL,A,39.5921940136376,-111.267378624488,Scrape,Yes,https://waterrights.utah.gov/cgi-bin/dvrtview.exe?Modinfo=StationView&STATION_ID=10994,6,DAILY_RECORDS,Daily gage height in FEET,Daily gage height in FEET,1,FEET,13,2010,2022
EMERY,NULL,10995,ROLFSON RESERVOIR (HEIGHT),6597,,Reservoir,1,10995,SOUTH EAST REGION,Observational,,NULL,A,39.5601619356896,-111.255802308967,Scrape,Yes,https://waterrights.utah.gov/cgi-bin/dvrtview.exe?Modinfo=StationView&STATION_ID=10995,6,DAILY_RECORDS,Daily gage height in FEET,Daily gage height in FEET,1,FEET,12,2010,2025
EMERY,NULL,10996,CLEVELAND RESERVOIR,6295,,Reservoir,1,10996,SOUTH EAST REGION,Observational,,NULL,A,39.577353912073,-111.238825987715,Scrape,Yes,https://waterrights.utah.gov/cgi-bin/dvrtview.exe?Modinfo=StationView&STATION_ID=10996,6,DAILY_RECORDS,Daily gage height in FEET,Daily gage height in FEET,1,FEET,16,2010,2025
EMERY,NULL,10997,MILLER FLAT RESERVOIR,9186,,Reservoir,1,10997,SOUTH EAST REGION,Observational,,NULL,A,39.5405891281137,-111.242750189777,Scrape,Yes,https://waterrights.utah.gov/cgi-bin/dvrtview.exe?Modinfo=StationView&STATION_ID=10997,6,DAILY_RECORDS,Daily gage height in FEET,Daily gage height in FEET,1,FEET,16,2010,2025
EMERY,NULL,11001,HUNTINGTON NORTH RESERVOIR (HEIGHT),6461,,Reservoir,1,11001,SOUTH EAST REGION,Observational,,NULL,A,39.3488141333701,-110.949722222757,Scrape,Yes,https://waterrights.utah.gov/cgi-bin/dvrtview.exe?Modinfo=StationView&STATION_ID=11001,6,DAILY_RECORDS,Daily gage height in FEET,Daily gage height in FEET,1,FEET,17,2009,2025
EMERY,NULL,11017,JOES RESERVOIR OUTLET FLOW,6309,,Reservoir,1,11017,SOUTH EAST REGION,Observational,,NULL,A,39.2875803342009,-111.266484662347,Scrape,Yes,https://waterrights.utah.gov/cgi-bin/dvrtview.exe?Modinfo=StationView&STATION_ID=11017,1,DAILY_RECORDS,Mean daily discharge in CFS,Mean daily discharge in CFS,1,CFS,16,2010,2025
EMERY,NULL,11018,HUNTINGTON NORTH RESERVOIR,6458,,Reservoir,1,11018,SOUTH EAST REGION,Observational,,NULL,A,39.3488141333701,-110.949722222757,Scrape,Yes,https://waterrights.utah.gov/cgi-bin/dvrtview.exe?Modinfo=StationView&STATION_ID=11018,6,DAILY_RECORDS,Daily gage height in FEET,Daily gage height in FEET,1,FEET,17,2009,2025
EMERY,NULL,11019,JOES RESERVOIR PIPLINE OUTFLOW,10375,,Reservoir,1,11019,SOUTH EAST REGION,Observational,,NULL,I,NULL,NULL,Scrape,Yes,https://waterrights.utah.gov/cgi-bin/dvrtview.exe?Modinfo=StationView&STATION_ID=11019,1,DAILY_RECORDS,Mean daily discharge in CFS,Mean daily discharge in CFS,1,CFS,0,NULL,NULL
EMERY,NULL,11020,MILLSITE RESERVOIR HEIGHT,12770,,Reservoir,1,11020,SOUTH EAST REGION,Observational,,NULL,A,39.0999114041516,-111.188922340271,Scrape,Yes,https://waterrights.utah.gov/cgi-bin/dvrtview.exe?Modinfo=StationView&STATION_ID=11020,6,DAILY_RECORDS,Daily gage height in FEET,Daily gage height in FEET,1,FEET,8,2018,2025
EMERY,NULL,11022,HUNTINGTON RESERVOIR OUTFLOW,13705,,Reservoir,1,11022,SOUTH EAST REGION,Observational,,NULL,A,39.5841942965467,-111.261998730744,Scrape,Yes,https://waterrights.utah.gov/cgi-bin/dvrtview.exe?Modinfo=StationView&STATION_ID=11022,1,DAILY_RECORDS,Mean daily discharge in CFS,Mean daily discharge in CFS,1,CFS,4,2022,2025
EMERY,NULL,11024,ROLFSON RESERVOIR (OUTFLOW),6029,,Reservoir,1,11024,SOUTH EAST REGION,Observational,,NULL,I,NULL,NULL,Scrape,Yes,https://waterrights.utah.gov/cgi-bin/dvrtview.exe?Modinfo=StationView&STATION_ID=11024,1,DAILY_RECORDS,Mean daily discharge in CFS,Mean daily discharge in CFS,1,CFS,1,2019,2019
NULL,NULL,11034,FOOL CREEK RESERVOIR OUTLET (MONTHLY RECORDS),NULL,NULL,Reservoir Release,NULL,11034,SEVIER RIVER,Observational,,NULL,I,NULL,NULL,Manual,No,https://waterrights.utah.gov/cgi-bin/dvrtview.exe?Modinfo=StationView&STATION_ID=11034,5,MONTHLY_RECORDS,Monthly Discharge in ACFT,Monthly Discharge in ACFT,1,ACFT,0,NULL,NULL
CU_SCADA,NULL,11130,610 CURRANT CREEK RESERVOIR SURFACE AREA,CCRESELV_HIST,Currant Creek Elevation,Reservoir,1,11130,DUCHESNE RIVER,Observational,,NULL,A,40.3331899474692,-111.051696262369,Scrape,Yes,https://waterrights.utah.gov/cgi-bin/dvrtview.exe?Modinfo=StationView&STATION_ID=11130,17,DAILY_RECORDS,Daily Surface Area in Acres,Daily Surface Area in Acres,1,AC,2,2024,2025
CU_SCADA,NULL,11152,380 STARVATION RESERVOIR SURFACE AREA,SDRESELEV_HIST,Starvation Elevation,Reservoir,1,11152,DUCHESNE RIVER,Observational,,NULL,A,40.193135959126,-110.444708627404,Scrape,Yes,https://waterrights.utah.gov/cgi-bin/dvrtview.exe?Modinfo=StationView&STATION_ID=11152,17,DAILY_RECORDS,Daily Surface Area in Acres,Daily Surface Area in Acres,1,AC,2,2024,2025
CU_SCADA,NULL,11158,555 STRAWBERRY RESERVOIR SURFACE AREA,SCRESEL_HIST,Strawberry Reservoir Elevation,Reservoir,1,11158,DUCHESNE RIVER,Observational,,NULL,A,40.1397643324098,-111.027403505845,Scrape,Yes,https://waterrights.utah.gov/cgi-bin/dvrtview.exe?Modinfo=StationView&STATION_ID=11158,1,DAILY_RECORDS,Mean daily discharge in CFS,Mean daily discharge in CFS,1,CFS,2,2024,2025
NULL,NULL,11268,CLEVELAND RESERVOIR CONTENTS (CR RECORDS),NULL,NULL,Reservoir,NULL,11268,HUNTINGTON CREEK,Observational,,NULL,A,39.5773598996996,-111.238837361025,Manual,,https://waterrights.utah.gov/cgi-bin/dvrtview.exe?Modinfo=StationView&STATION_ID=11268,4,DAILY_RECORDS,Daily Reservoir Storage in ACFT,Daily Reservoir Storage in ACFT,1,ACFT,19,2004,2025
UINTA_RIVER_DL,NULL,11298,LAPOINT RESERVOIR RELEASE,Lapoint Reservoir Release,"Release from Lapoint Reservoir, can run flow in and out of reservoir through this line",Reservoir Release,1,11298,UINTA AND WHITEROCKS RIVERS,Observational,Badger Meter Ultrasonic Meter,NULL,A,40.4280084362251,-109.806940914903,Direct,Yes,https://waterrights.utah.gov/cgi-bin/dvrtview.exe?Modinfo=StationView&STATION_ID=11298,1,DAILY_RECORDS,Mean daily discharge in CFS,Mean daily discharge in CFS,1,CFS,1,2025,2025
UINTAH,NULL,11299,COTTONWOOD RESERVOIR (UINTA) CONTENTS,10647,,Reservoir,1,11299,UINTA AND WHITEROCKS RIVERS,Observational,,NULL,A,40.3534234339793,-109.789070311297,Scrape,,https://waterrights.utah.gov/cgi-bin/dvrtview.exe?Modinfo=StationView&STATION_ID=11299,4,DAILY_RECORDS,Daily Reservoir Storage in ACFT,Daily Reservoir Storage in ACFT,1,ACFT,1,2025,2025
USGS,NULL,11304,USGS SOUTH CREEK ABOVE RESERVOIR NEAR MONTICELLO,9378170,"USGS SOUTH CREEK ABOVE RESERVOIR NEAR MONTICELLO, UT",Stream,1,11304,BLUE MOUNTAIN,Observational,,NULL,A,37.846698959098,-109.3695645252,Scrape,Yes,https://waterrights.utah.gov/cgi-bin/dvrtview.exe?Modinfo=StationView&STATION_ID=11304,1,DAILY_RECORDS,Mean daily discharge in CFS,Mean daily discharge in CFS,1,CFS,2,2024,2025
SEVIER_DL,NULL,11369,TROPIC RESERVOIR ELEVATION,Tropic Reservoir Elevation,Elevation of Tropic Reservoir,Reservoir,1,11369,SEVIER RIVER,Observational,Vega Radar Sensor in wet well,STAGE,A,37.6124847851333,-112.24968396855,Direct,Yes,https://waterrights.utah.gov/cgi-bin/dvrtview.exe?Modinfo=StationView&STATION_ID=11369,6,DAILY_RECORDS,Daily gage height in FEET,Daily gage height in FEET,1,FEET,1,2025,2025
OGDEN,NULL,11390,LIBERTY CANAL RESERVOIR,Liberty Canal Reservoir,Pressure Transducer measuring elevation of reservoir to determine storage content,Reservoir,1,11390,OGDEN RIVER,Observational,Pressure Transducer,NULL,A,41.3669005590952,-111.89021221198,Direct,Yes,https://waterrights.utah.gov/cgi-bin/dvrtview.exe?Modinfo=StationView&STATION_ID=11390,4,DAILY_RECORDS,Daily Reservoir Storage in ACFT,Daily Reservoir Storage in ACFT,1,ACFT,1,2025,2025
